Year;Month;Day;Hour;Minute;Temperature  [2 m above gnd];Total Precipitation  [sfc];Wind speed  [10 m above gnd];Wind direction  [10 m above gnd];last_temp;difference
2017;11;25;11.5;0.0;41.208749999999995;0.0;17.939583333333335;325.76166666666666;0.0;0.0
2017;11;26;11.5;0.0;38.29833333333333;0.0;11.435416666666667;258.53374999999994;41.208749999999995;2.910416666666663
2017;11;27;11.5;0.0;45.611250000000005;0.0;11.082500000000001;188.37708333333327;38.29833333333333;-7.312916666666673
2017;11;28;11.5;0.0;48.4975;0.0;17.418749999999996;244.67333333333332;45.611250000000005;-2.886249999999997
2017;11;29;11.5;0.0;40.12291666666667;0.020833333333333332;13.107083333333335;167.51000000000002;48.4975;8.374583333333334
2017;11;30;11.5;0.0;43.618750000000006;0.03333333333333333;14.343333333333334;276.06000000000006;40.12291666666667;-3.495833333333337
2017;12;1;11.5;0.0;41.860416666666666;0.0;6.8450000000000015;223.4595833333333;43.618750000000006;1.75833333333334
2017;12;2;11.5;0.0;45.32416666666666;0.0;8.934166666666668;218.25249999999997;41.860416666666666;-3.4637499999999974
